<?xml version="1.0" encoding="UTF-8" standalone="yes"?>
<Project xmlns="http://schemas.microsoft.com/project">
    <SaveVersion>14</SaveVersion>
    <Title>Оптимальная стоимость</Title>
    <ScheduleFromStart>1</ScheduleFromStart>
    <StartDate>2024-02-05T09:00:00</StartDate>
    <FinishDate>2024-05-20T18:00:00</FinishDate>
    <FYStartDate>1</FYStartDate>
    <CriticalSlackLimit>0</CriticalSlackLimit>
    <CurrencyDigits>2</CurrencyDigits>
    <CurrencySymbol>$</CurrencySymbol>
    <CurrencySymbolPosition>0</CurrencySymbolPosition>
    <CalendarUID>1</CalendarUID>
    <DefaultStartTime>08:00:00</DefaultStartTime>
    <MinutesPerDay>480</MinutesPerDay>
    <MinutesPerWeek>2400</MinutesPerWeek>
    <DaysPerMonth>20</DaysPerMonth>
    <DefaultTaskType>0</DefaultTaskType>
    <DefaultFixedCostAccrual>2</DefaultFixedCostAccrual>
    <DefaultStandardRate>10</DefaultStandardRate>
    <DefaultOvertimeRate>15</DefaultOvertimeRate>
    <DurationFormat>7</DurationFormat>
    <WorkFormat>2</WorkFormat>
    <EditableActualCosts>0</EditableActualCosts>
    <HonorConstraints>0</HonorConstraints>
    <EarnedValueMethod>0</EarnedValueMethod>
    <InsertedProjectsLikeSummary>0</InsertedProjectsLikeSummary>
    <MultipleCriticalPaths>0</MultipleCriticalPaths>
    <NewTasksEffortDriven>0</NewTasksEffortDriven>
    <NewTasksEstimated>1</NewTasksEstimated>
    <SplitsInProgressTasks>0</SplitsInProgressTasks>
    <SpreadActualCost>0</SpreadActualCost>
    <SpreadPercentComplete>0</SpreadPercentComplete>
    <TaskUpdatesResource>1</TaskUpdatesResource>
    <FiscalYearStart>0</FiscalYearStart>
    <WeekStartDay>1</WeekStartDay>
    <MoveCompletedEndsBack>0</MoveCompletedEndsBack>
    <MoveRemainingStartsBack>0</MoveRemainingStartsBack>
    <MoveRemainingStartsForward>0</MoveRemainingStartsForward>
    <MoveCompletedEndsForward>0</MoveCompletedEndsForward>
    <BaselineForEarnedValue>0</BaselineForEarnedValue>
    <AutoAddNewResourcesAndTasks>1</AutoAddNewResourcesAndTasks>
    <CurrentDate>2024-03-11T22:52:32</CurrentDate>
    <MicrosoftProjectServerURL>1</MicrosoftProjectServerURL>
    <Autolink>1</Autolink>
    <NewTaskStartDate>0</NewTaskStartDate>
    <DefaultTaskEVMethod>0</DefaultTaskEVMethod>
    <ProjectExternallyEdited>0</ProjectExternallyEdited>
    <ActualsInSync>0</ActualsInSync>
    <RemoveFileProperties>0</RemoveFileProperties>
    <AdminProject>0</AdminProject>
    <NewTasksAreManual>1</NewTasksAreManual>
    <ExtendedAttributes>
        <ExtendedAttribute>
            <FieldID>188744004</FieldID>
            <FieldName>Text18</FieldName>
        </ExtendedAttribute>
        <ExtendedAttribute>
            <FieldID>188744005</FieldID>
            <FieldName>Text19</FieldName>
        </ExtendedAttribute>
        <ExtendedAttribute>
            <FieldID>188744006</FieldID>
            <FieldName>Text20</FieldName>
        </ExtendedAttribute>
        <ExtendedAttribute>
            <FieldID>205521069</FieldID>
            <FieldName>Date1</FieldName>
        </ExtendedAttribute>
        <ExtendedAttribute>
            <FieldID>205521070</FieldID>
            <FieldName>Date2</FieldName>
        </ExtendedAttribute>
        <ExtendedAttribute>
            <FieldID>205521130</FieldID>
            <FieldName>Text20</FieldName>
        </ExtendedAttribute>
        <ExtendedAttribute>
            <FieldID>205521131</FieldID>
            <FieldName>Text21</FieldName>
        </ExtendedAttribute>
        <ExtendedAttribute>
            <FieldID>255852770</FieldID>
            <FieldName>Text19</FieldName>
        </ExtendedAttribute>
    </ExtendedAttributes>
    <Calendars>
        <Calendar>
            <UID>1</UID>
            <Name>General</Name>
            <IsBaseCalendar>1</IsBaseCalendar>
            <BaseCalendarUID>-1</BaseCalendarUID>
            <WeekDays>
                <WeekDay>
                    <DayType>1</DayType>
                    <DayWorking>0</DayWorking>
                </WeekDay>
                <WeekDay>
                    <DayType>2</DayType>
                    <DayWorking>1</DayWorking>
                    <WorkingTimes>
                        <WorkingTime>
                            <FromTime>09:00:00</FromTime>
                            <ToTime>13:00:00</ToTime>
                        </WorkingTime>
                        <WorkingTime>
                            <FromTime>14:00:00</FromTime>
                            <ToTime>18:00:00</ToTime>
                        </WorkingTime>
                    </WorkingTimes>
                </WeekDay>
                <WeekDay>
                    <DayType>3</DayType>
                    <DayWorking>1</DayWorking>
                    <WorkingTimes>
                        <WorkingTime>
                            <FromTime>09:00:00</FromTime>
                            <ToTime>13:00:00</ToTime>
                        </WorkingTime>
                        <WorkingTime>
                            <FromTime>14:00:00</FromTime>
                            <ToTime>18:00:00</ToTime>
                        </WorkingTime>
                    </WorkingTimes>
                </WeekDay>
                <WeekDay>
                    <DayType>4</DayType>
                    <DayWorking>1</DayWorking>
                    <WorkingTimes>
                        <WorkingTime>
                            <FromTime>09:00:00</FromTime>
                            <ToTime>13:00:00</ToTime>
                        </WorkingTime>
                        <WorkingTime>
                            <FromTime>14:00:00</FromTime>
                            <ToTime>18:00:00</ToTime>
                        </WorkingTime>
                    </WorkingTimes>
                </WeekDay>
                <WeekDay>
                    <DayType>5</DayType>
                    <DayWorking>1</DayWorking>
                    <WorkingTimes>
                        <WorkingTime>
                            <FromTime>09:00:00</FromTime>
                            <ToTime>13:00:00</ToTime>
                        </WorkingTime>
                        <WorkingTime>
                            <FromTime>14:00:00</FromTime>
                            <ToTime>18:00:00</ToTime>
                        </WorkingTime>
                    </WorkingTimes>
                </WeekDay>
                <WeekDay>
                    <DayType>6</DayType>
                    <DayWorking>1</DayWorking>
                    <WorkingTimes>
                        <WorkingTime>
                            <FromTime>09:00:00</FromTime>
                            <ToTime>13:00:00</ToTime>
                        </WorkingTime>
                        <WorkingTime>
                            <FromTime>14:00:00</FromTime>
                            <ToTime>18:00:00</ToTime>
                        </WorkingTime>
                    </WorkingTimes>
                </WeekDay>
                <WeekDay>
                    <DayType>7</DayType>
                    <DayWorking>0</DayWorking>
                </WeekDay>
                <WeekDay>
                    <DayType>0</DayType>
                    <DayWorking>0</DayWorking>
                    <TimePeriod>
                        <FromDate>2024-02-23T00:00:00</FromDate>
                        <ToDate>2024-02-24T23:59:59</ToDate>
                    </TimePeriod>
                </WeekDay>
                <WeekDay>
                    <DayType>0</DayType>
                    <DayWorking>0</DayWorking>
                    <TimePeriod>
                        <FromDate>2024-03-08T00:00:00</FromDate>
                        <ToDate>2024-03-09T23:59:59</ToDate>
                    </TimePeriod>
                </WeekDay>
                <WeekDay>
                    <DayType>0</DayType>
                    <DayWorking>0</DayWorking>
                    <TimePeriod>
                        <FromDate>2024-04-27T00:00:00</FromDate>
                        <ToDate>2024-04-27T23:59:59</ToDate>
                    </TimePeriod>
                </WeekDay>
                <WeekDay>
                    <DayType>0</DayType>
                    <DayWorking>0</DayWorking>
                    <TimePeriod>
                        <FromDate>2024-04-29T00:00:00</FromDate>
                        <ToDate>2024-04-30T23:59:59</ToDate>
                    </TimePeriod>
                </WeekDay>
                <WeekDay>
                    <DayType>0</DayType>
                    <DayWorking>0</DayWorking>
                    <TimePeriod>
                        <FromDate>2024-04-30T00:00:00</FromDate>
                        <ToDate>2024-05-01T23:59:59</ToDate>
                    </TimePeriod>
                </WeekDay>
                <WeekDay>
                    <DayType>0</DayType>
                    <DayWorking>0</DayWorking>
                    <TimePeriod>
                        <FromDate>2024-05-01T00:00:00</FromDate>
                        <ToDate>2024-05-02T23:59:59</ToDate>
                    </TimePeriod>
                </WeekDay>
                <WeekDay>
                    <DayType>0</DayType>
                    <DayWorking>0</DayWorking>
                    <TimePeriod>
                        <FromDate>2024-05-09T00:00:00</FromDate>
                        <ToDate>2024-05-10T23:59:59</ToDate>
                    </TimePeriod>
                </WeekDay>
                <WeekDay>
                    <DayType>0</DayType>
                    <DayWorking>0</DayWorking>
                    <TimePeriod>
                        <FromDate>2024-05-10T00:00:00</FromDate>
                        <ToDate>2024-05-11T23:59:59</ToDate>
                    </TimePeriod>
                </WeekDay>
                <WeekDay>
                    <DayType>0</DayType>
                    <DayWorking>0</DayWorking>
                    <TimePeriod>
                        <FromDate>2024-06-12T00:00:00</FromDate>
                        <ToDate>2024-06-13T23:59:59</ToDate>
                    </TimePeriod>
                </WeekDay>
            </WeekDays>
            <Exceptions>
                <Exception>
                    <EnteredByOccurrences>0</EnteredByOccurrences>
                    <TimePeriod>
                        <FromDate>2024-02-23T00:00:00</FromDate>
                        <ToDate>2024-02-24T23:59:59</ToDate>
                    </TimePeriod>
                    <Occurrences>1</Occurrences>
                    <Type>1</Type>
                    <DayWorking>0</DayWorking>
                </Exception>
                <Exception>
                    <EnteredByOccurrences>0</EnteredByOccurrences>
                    <TimePeriod>
                        <FromDate>2024-03-08T00:00:00</FromDate>
                        <ToDate>2024-03-09T23:59:59</ToDate>
                    </TimePeriod>
                    <Occurrences>1</Occurrences>
                    <Type>1</Type>
                    <DayWorking>0</DayWorking>
                </Exception>
                <Exception>
                    <EnteredByOccurrences>0</EnteredByOccurrences>
                    <TimePeriod>
                        <FromDate>2024-04-27T00:00:00</FromDate>
                        <ToDate>2024-04-27T23:59:59</ToDate>
                    </TimePeriod>
                    <Occurrences>1</Occurrences>
                    <Type>1</Type>
                    <DayWorking>0</DayWorking>
                </Exception>
                <Exception>
                    <EnteredByOccurrences>0</EnteredByOccurrences>
                    <TimePeriod>
                        <FromDate>2024-04-27T00:00:00</FromDate>
                        <ToDate>2024-04-27T23:59:59</ToDate>
                    </TimePeriod>
                    <Occurrences>1</Occurrences>
                    <Type>1</Type>
                    <DayWorking>0</DayWorking>
                </Exception>
                <Exception>
                    <EnteredByOccurrences>0</EnteredByOccurrences>
                    <TimePeriod>
                        <FromDate>2024-04-27T00:00:00</FromDate>
                        <ToDate>2024-04-28T23:59:59</ToDate>
                    </TimePeriod>
                    <Occurrences>1</Occurrences>
                    <Type>1</Type>
                    <DayWorking>0</DayWorking>
                </Exception>
                <Exception>
                    <EnteredByOccurrences>0</EnteredByOccurrences>
                    <TimePeriod>
                        <FromDate>2024-04-27T00:00:00</FromDate>
                        <ToDate>2024-04-27T23:59:59</ToDate>
                    </TimePeriod>
                    <Occurrences>1</Occurrences>
                    <Type>1</Type>
                    <DayWorking>0</DayWorking>
                </Exception>
                <Exception>
                    <EnteredByOccurrences>0</EnteredByOccurrences>
                    <TimePeriod>
                        <FromDate>2024-04-27T00:00:00</FromDate>
                        <ToDate>2024-04-27T23:59:59</ToDate>
                    </TimePeriod>
                    <Occurrences>1</Occurrences>
                    <Type>1</Type>
                    <DayWorking>0</DayWorking>
                </Exception>
                <Exception>
                    <EnteredByOccurrences>0</EnteredByOccurrences>
                    <TimePeriod>
                        <FromDate>2024-04-29T00:00:00</FromDate>
                        <ToDate>2024-04-30T23:59:59</ToDate>
                    </TimePeriod>
                    <Occurrences>1</Occurrences>
                    <Type>1</Type>
                    <DayWorking>0</DayWorking>
                </Exception>
                <Exception>
                    <EnteredByOccurrences>0</EnteredByOccurrences>
                    <TimePeriod>
                        <FromDate>2024-04-30T00:00:00</FromDate>
                        <ToDate>2024-05-01T23:59:59</ToDate>
                    </TimePeriod>
                    <Occurrences>1</Occurrences>
                    <Type>1</Type>
                    <DayWorking>0</DayWorking>
                </Exception>
                <Exception>
                    <EnteredByOccurrences>0</EnteredByOccurrences>
                    <TimePeriod>
                        <FromDate>2024-05-01T00:00:00</FromDate>
                        <ToDate>2024-05-02T23:59:59</ToDate>
                    </TimePeriod>
                    <Occurrences>1</Occurrences>
                    <Type>1</Type>
                    <DayWorking>0</DayWorking>
                </Exception>
                <Exception>
                    <EnteredByOccurrences>0</EnteredByOccurrences>
                    <TimePeriod>
                        <FromDate>2024-05-09T00:00:00</FromDate>
                        <ToDate>2024-05-10T23:59:59</ToDate>
                    </TimePeriod>
                    <Occurrences>1</Occurrences>
                    <Type>1</Type>
                    <DayWorking>0</DayWorking>
                </Exception>
                <Exception>
                    <EnteredByOccurrences>0</EnteredByOccurrences>
                    <TimePeriod>
                        <FromDate>2024-05-10T00:00:00</FromDate>
                        <ToDate>2024-05-11T23:59:59</ToDate>
                    </TimePeriod>
                    <Occurrences>1</Occurrences>
                    <Type>1</Type>
                    <DayWorking>0</DayWorking>
                </Exception>
                <Exception>
                    <EnteredByOccurrences>0</EnteredByOccurrences>
                    <TimePeriod>
                        <FromDate>2024-06-12T00:00:00</FromDate>
                        <ToDate>2024-06-13T23:59:59</ToDate>
                    </TimePeriod>
                    <Occurrences>1</Occurrences>
                    <Type>1</Type>
                    <DayWorking>0</DayWorking>
                </Exception>
            </Exceptions>
        </Calendar>
    </Calendars>
    <Tasks>
        <Task>
            <UID>0</UID>
            <GUID>b704928d-d0c0-483a-83ec-cab50706973b</GUID>
            <ID>0</ID>
            <Name>Оптимальная стоимость</Name>
            <Type>0</Type>
            <IsNull>0</IsNull>
            <WBS>0</WBS>
            <OutlineNumber>1</OutlineNumber>
            <OutlineLevel>1</OutlineLevel>
            <Priority>500</Priority>
            <Start>2024-02-05T09:00:00</Start>
            <Finish>2024-05-20T18:00:00</Finish>
            <Duration>PT560H0M0S</Duration>
            <DurationFormat>7</DurationFormat>
            <Work>PT960H0M0S</Work>
            <ResumeValid>0</ResumeValid>
            <EffortDriven>0</EffortDriven>
            <Recurring>0</Recurring>
            <OverAllocated>0</OverAllocated>
            <Estimated>0</Estimated>
            <Milestone>0</Milestone>
            <Summary>1</Summary>
            <Critical>0</Critical>
            <IsSubproject>0</IsSubproject>
            <IsSubprojectReadOnly>0</IsSubprojectReadOnly>
            <ExternalTask>0</ExternalTask>
            <FixedCostAccrual>3</FixedCostAccrual>
            <PercentComplete>0</PercentComplete>
            <RemainingDuration>PT560H0M0S</RemainingDuration>
            <ConstraintType>0</ConstraintType>
            <CalendarUID>-1</CalendarUID>
            <LevelAssignments>0</LevelAssignments>
            <LevelingCanSplit>0</LevelingCanSplit>
            <IgnoreResourceCalendar>0</IgnoreResourceCalendar>
            <HideBar>0</HideBar>
            <Rollup>0</Rollup>
            <EarnedValueMethod>0</EarnedValueMethod>
            <ExtendedAttribute>
                <FieldID>188744004</FieldID>
                <Value>{"assignmentsUnitsSum":0.0}</Value>
            </ExtendedAttribute>
            <ExtendedAttribute>
                <FieldID>188744005</FieldID>
                <Value>{"guid":"b704928d-d0c0-483a-83ec-cab50706973b"}</Value>
            </ExtendedAttribute>
            <ExtendedAttribute>
                <FieldID>188744006</FieldID>
                <Value>{}</Value>
            </ExtendedAttribute>
            <Active>1</Active>
            <Manual>0</Manual>
        </Task>
        <Task>
            <UID>1</UID>
            <GUID>637bc23a-28c7-40bd-8ef4-491aaa74035e</GUID>
            <ID>1</ID>
            <Name>Проект 2</Name>
            <Type>0</Type>
            <IsNull>0</IsNull>
            <WBS>1</WBS>
            <OutlineNumber>1.1</OutlineNumber>
            <OutlineLevel>2</OutlineLevel>
            <Priority>500</Priority>
            <Start>2024-02-05T09:00:00</Start>
            <Finish>2024-04-02T18:00:00</Finish>
            <Duration>PT320H0M0S</Duration>
            <DurationFormat>7</DurationFormat>
            <Work>PT320H0M0S</Work>
            <ResumeValid>0</ResumeValid>
            <EffortDriven>0</EffortDriven>
            <Recurring>0</Recurring>
            <OverAllocated>0</OverAllocated>
            <Estimated>0</Estimated>
            <Milestone>0</Milestone>
            <Summary>1</Summary>
            <Critical>0</Critical>
            <IsSubproject>0</IsSubproject>
            <IsSubprojectReadOnly>0</IsSubprojectReadOnly>
            <ExternalTask>0</ExternalTask>
            <FixedCostAccrual>3</FixedCostAccrual>
            <PercentComplete>0</PercentComplete>
            <RemainingDuration>PT320H0M0S</RemainingDuration>
            <ConstraintType>0</ConstraintType>
            <CalendarUID>-1</CalendarUID>
            <LevelAssignments>0</LevelAssignments>
            <LevelingCanSplit>0</LevelingCanSplit>
            <IgnoreResourceCalendar>0</IgnoreResourceCalendar>
            <HideBar>0</HideBar>
            <Rollup>0</Rollup>
            <EarnedValueMethod>0</EarnedValueMethod>
            <ExtendedAttribute>
                <FieldID>188744004</FieldID>
                <Value>{"assignmentsUnitsSum":0.0}</Value>
            </ExtendedAttribute>
            <ExtendedAttribute>
                <FieldID>188744005</FieldID>
                <Value>{"guid":"637bc23a-28c7-40bd-8ef4-491aaa74035e"}</Value>
            </ExtendedAttribute>
            <ExtendedAttribute>
                <FieldID>188744006</FieldID>
                <Value>{}</Value>
            </ExtendedAttribute>
            <Active>1</Active>
            <Manual>0</Manual>
        </Task>
        <Task>
            <UID>2</UID>
            <GUID>563a5caf-3bb9-41db-8fe0-e95b0e1242cc</GUID>
            <ID>2</ID>
            <Name>Аналитика</Name>
            <Type>0</Type>
            <IsNull>0</IsNull>
            <WBS>2</WBS>
            <OutlineNumber>1.1.1</OutlineNumber>
            <OutlineLevel>3</OutlineLevel>
            <Priority>500</Priority>
            <Start>2024-02-05T09:00:00</Start>
            <Finish>2024-02-16T18:00:00</Finish>
            <Duration>PT80H0M0S</Duration>
            <DurationFormat>7</DurationFormat>
            <Work>PT80H0M0S</Work>
            <ResumeValid>0</ResumeValid>
            <EffortDriven>0</EffortDriven>
            <Recurring>0</Recurring>
            <OverAllocated>0</OverAllocated>
            <Estimated>0</Estimated>
            <Milestone>0</Milestone>
            <Summary>0</Summary>
            <Critical>0</Critical>
            <IsSubproject>0</IsSubproject>
            <IsSubprojectReadOnly>0</IsSubprojectReadOnly>
            <ExternalTask>0</ExternalTask>
            <FixedCostAccrual>3</FixedCostAccrual>
            <PercentComplete>0</PercentComplete>
            <RemainingDuration>PT80H0M0S</RemainingDuration>
            <ConstraintType>0</ConstraintType>
            <CalendarUID>-1</CalendarUID>
            <LevelAssignments>0</LevelAssignments>
            <LevelingCanSplit>0</LevelingCanSplit>
            <IgnoreResourceCalendar>0</IgnoreResourceCalendar>
            <HideBar>0</HideBar>
            <Rollup>0</Rollup>
            <EarnedValueMethod>0</EarnedValueMethod>
            <ExtendedAttribute>
                <FieldID>188744004</FieldID>
                <Value>{"assignmentsUnitsSum":100.0}</Value>
            </ExtendedAttribute>
            <ExtendedAttribute>
                <FieldID>188744005</FieldID>
                <Value>{"guid":"563a5caf-3bb9-41db-8fe0-e95b0e1242cc"}</Value>
            </ExtendedAttribute>
            <ExtendedAttribute>
                <FieldID>188744006</FieldID>
                <Value>{}</Value>
            </ExtendedAttribute>
            <Active>1</Active>
            <Manual>0</Manual>
        </Task>
        <Task>
            <UID>3</UID>
            <GUID>ebe096e2-4858-444d-847f-c7c4a5026c64</GUID>
            <ID>3</ID>
            <Name>Разработка</Name>
            <Type>0</Type>
            <IsNull>0</IsNull>
            <WBS>3</WBS>
            <OutlineNumber>1.1.2</OutlineNumber>
            <OutlineLevel>3</OutlineLevel>
            <Priority>500</Priority>
            <Start>2024-02-19T09:00:00</Start>
            <Finish>2024-03-19T18:00:00</Finish>
            <Duration>PT160H0M0S</Duration>
            <DurationFormat>7</DurationFormat>
            <Work>PT160H0M0S</Work>
            <ResumeValid>0</ResumeValid>
            <EffortDriven>0</EffortDriven>
            <Recurring>0</Recurring>
            <OverAllocated>0</OverAllocated>
            <Estimated>0</Estimated>
            <Milestone>0</Milestone>
            <Summary>0</Summary>
            <Critical>0</Critical>
            <IsSubproject>0</IsSubproject>
            <IsSubprojectReadOnly>0</IsSubprojectReadOnly>
            <ExternalTask>0</ExternalTask>
            <FixedCostAccrual>3</FixedCostAccrual>
            <PercentComplete>0</PercentComplete>
            <RemainingDuration>PT160H0M0S</RemainingDuration>
            <ConstraintType>0</ConstraintType>
            <CalendarUID>-1</CalendarUID>
            <LevelAssignments>0</LevelAssignments>
            <LevelingCanSplit>0</LevelingCanSplit>
            <IgnoreResourceCalendar>0</IgnoreResourceCalendar>
            <HideBar>0</HideBar>
            <Rollup>0</Rollup>
            <EarnedValueMethod>0</EarnedValueMethod>
            <PredecessorLink>
                <PredecessorUID>2</PredecessorUID>
                <Type>1</Type>
                <CrossProject>0</CrossProject>
                <LinkLag>0</LinkLag>
                <LagFormat>7</LagFormat>
            </PredecessorLink>
            <ExtendedAttribute>
                <FieldID>188744004</FieldID>
                <Value>{"assignmentsUnitsSum":100.0}</Value>
            </ExtendedAttribute>
            <ExtendedAttribute>
                <FieldID>188744005</FieldID>
                <Value>{"guid":"ebe096e2-4858-444d-847f-c7c4a5026c64"}</Value>
            </ExtendedAttribute>
            <ExtendedAttribute>
                <FieldID>188744006</FieldID>
                <Value>{}</Value>
            </ExtendedAttribute>
            <Active>1</Active>
            <Manual>0</Manual>
        </Task>
        <Task>
            <UID>4</UID>
            <GUID>569ce820-e51c-477c-bd8c-3a34e3c4c512</GUID>
            <ID>4</ID>
            <Name>Тестирование</Name>
            <Type>0</Type>
            <IsNull>0</IsNull>
            <WBS>4</WBS>
            <OutlineNumber>1.1.3</OutlineNumber>
            <OutlineLevel>3</OutlineLevel>
            <Priority>500</Priority>
            <Start>2024-03-20T09:00:00</Start>
            <Finish>2024-04-02T18:00:00</Finish>
            <Duration>PT80H0M0S</Duration>
            <DurationFormat>7</DurationFormat>
            <Work>PT80H0M0S</Work>
            <ResumeValid>0</ResumeValid>
            <EffortDriven>0</EffortDriven>
            <Recurring>0</Recurring>
            <OverAllocated>0</OverAllocated>
            <Estimated>0</Estimated>
            <Milestone>0</Milestone>
            <Summary>0</Summary>
            <Critical>0</Critical>
            <IsSubproject>0</IsSubproject>
            <IsSubprojectReadOnly>0</IsSubprojectReadOnly>
            <ExternalTask>0</ExternalTask>
            <FixedCostAccrual>3</FixedCostAccrual>
            <PercentComplete>0</PercentComplete>
            <RemainingDuration>PT80H0M0S</RemainingDuration>
            <ConstraintType>0</ConstraintType>
            <CalendarUID>-1</CalendarUID>
            <LevelAssignments>0</LevelAssignments>
            <LevelingCanSplit>0</LevelingCanSplit>
            <IgnoreResourceCalendar>0</IgnoreResourceCalendar>
            <HideBar>0</HideBar>
            <Rollup>0</Rollup>
            <EarnedValueMethod>0</EarnedValueMethod>
            <PredecessorLink>
                <PredecessorUID>3</PredecessorUID>
                <Type>1</Type>
                <CrossProject>0</CrossProject>
                <LinkLag>0</LinkLag>
                <LagFormat>7</LagFormat>
            </PredecessorLink>
            <ExtendedAttribute>
                <FieldID>188744004</FieldID>
                <Value>{"assignmentsUnitsSum":100.0}</Value>
            </ExtendedAttribute>
            <ExtendedAttribute>
                <FieldID>188744005</FieldID>
                <Value>{"guid":"569ce820-e51c-477c-bd8c-3a34e3c4c512"}</Value>
            </ExtendedAttribute>
            <ExtendedAttribute>
                <FieldID>188744006</FieldID>
                <Value>{}</Value>
            </ExtendedAttribute>
            <Active>1</Active>
            <Manual>0</Manual>
        </Task>
        <Task>
            <UID>5</UID>
            <GUID>fadefa72-4a18-44f5-a98b-33fe46afbf02</GUID>
            <ID>5</ID>
            <Name>Проект 3</Name>
            <Type>0</Type>
            <IsNull>0</IsNull>
            <WBS>5</WBS>
            <OutlineNumber>1.2</OutlineNumber>
            <OutlineLevel>2</OutlineLevel>
            <Priority>500</Priority>
            <Start>2024-02-19T09:00:00</Start>
            <Finish>2024-05-20T18:00:00</Finish>
            <Duration>PT480H0M0S</Duration>
            <DurationFormat>7</DurationFormat>
            <Work>PT480H0M0S</Work>
            <ResumeValid>0</ResumeValid>
            <EffortDriven>0</EffortDriven>
            <Recurring>0</Recurring>
            <OverAllocated>0</OverAllocated>
            <Estimated>0</Estimated>
            <Milestone>0</Milestone>
            <Summary>1</Summary>
            <Critical>0</Critical>
            <IsSubproject>0</IsSubproject>
            <IsSubprojectReadOnly>0</IsSubprojectReadOnly>
            <ExternalTask>0</ExternalTask>
            <FixedCostAccrual>3</FixedCostAccrual>
            <PercentComplete>0</PercentComplete>
            <RemainingDuration>PT480H0M0S</RemainingDuration>
            <ConstraintType>0</ConstraintType>
            <CalendarUID>-1</CalendarUID>
            <LevelAssignments>0</LevelAssignments>
            <LevelingCanSplit>0</LevelingCanSplit>
            <IgnoreResourceCalendar>0</IgnoreResourceCalendar>
            <HideBar>0</HideBar>
            <Rollup>0</Rollup>
            <EarnedValueMethod>0</EarnedValueMethod>
            <ExtendedAttribute>
                <FieldID>188744004</FieldID>
                <Value>{"assignmentsUnitsSum":0.0}</Value>
            </ExtendedAttribute>
            <ExtendedAttribute>
                <FieldID>188744005</FieldID>
                <Value>{"guid":"fadefa72-4a18-44f5-a98b-33fe46afbf02"}</Value>
            </ExtendedAttribute>
            <ExtendedAttribute>
                <FieldID>188744006</FieldID>
                <Value>{}</Value>
            </ExtendedAttribute>
            <Active>1</Active>
            <Manual>0</Manual>
        </Task>
        <Task>
            <UID>6</UID>
            <GUID>a248252c-b414-485e-bfad-67965fc7dae0</GUID>
            <ID>6</ID>
            <Name>Аналитика</Name>
            <Type>0</Type>
            <IsNull>0</IsNull>
            <WBS>6</WBS>
            <OutlineNumber>1.2.1</OutlineNumber>
            <OutlineLevel>3</OutlineLevel>
            <Priority>500</Priority>
            <Start>2024-02-19T09:00:00</Start>
            <Finish>2024-03-12T18:00:00</Finish>
            <Duration>PT120H0M0S</Duration>
            <DurationFormat>7</DurationFormat>
            <Work>PT120H0M0S</Work>
            <ResumeValid>0</ResumeValid>
            <EffortDriven>0</EffortDriven>
            <Recurring>0</Recurring>
            <OverAllocated>0</OverAllocated>
            <Estimated>0</Estimated>
            <Milestone>0</Milestone>
            <Summary>0</Summary>
            <Critical>0</Critical>
            <IsSubproject>0</IsSubproject>
            <IsSubprojectReadOnly>0</IsSubprojectReadOnly>
            <ExternalTask>0</ExternalTask>
            <FixedCostAccrual>3</FixedCostAccrual>
            <PercentComplete>0</PercentComplete>
            <RemainingDuration>PT120H0M0S</RemainingDuration>
            <ConstraintType>4</ConstraintType>
            <CalendarUID>-1</CalendarUID>
            <ConstraintDate>2024-02-19T09:00:00</ConstraintDate>
            <LevelAssignments>0</LevelAssignments>
            <LevelingCanSplit>0</LevelingCanSplit>
            <IgnoreResourceCalendar>0</IgnoreResourceCalendar>
            <HideBar>0</HideBar>
            <Rollup>0</Rollup>
            <EarnedValueMethod>0</EarnedValueMethod>
            <ExtendedAttribute>
                <FieldID>188744004</FieldID>
                <Value>{"assignmentsUnitsSum":100.0}</Value>
            </ExtendedAttribute>
            <ExtendedAttribute>
                <FieldID>188744005</FieldID>
                <Value>{"guid":"a248252c-b414-485e-bfad-67965fc7dae0"}</Value>
            </ExtendedAttribute>
            <ExtendedAttribute>
                <FieldID>188744006</FieldID>
                <Value>{}</Value>
            </ExtendedAttribute>
            <Active>1</Active>
            <Manual>0</Manual>
        </Task>
        <Task>
            <UID>7</UID>
            <GUID>09d5b831-75e9-48d9-9a1b-b224ffd0454f</GUID>
            <ID>7</ID>
            <Name>Разработка</Name>
            <Type>0</Type>
            <IsNull>0</IsNull>
            <WBS>7</WBS>
            <OutlineNumber>1.2.2</OutlineNumber>
            <OutlineLevel>3</OutlineLevel>
            <Priority>500</Priority>
            <Start>2024-03-13T09:00:00</Start>
            <Finish>2024-04-23T18:00:00</Finish>
            <Duration>PT240H0M0S</Duration>
            <DurationFormat>7</DurationFormat>
            <Work>PT240H0M0S</Work>
            <ResumeValid>0</ResumeValid>
            <EffortDriven>0</EffortDriven>
            <Recurring>0</Recurring>
            <OverAllocated>0</OverAllocated>
            <Estimated>0</Estimated>
            <Milestone>0</Milestone>
            <Summary>0</Summary>
            <Critical>0</Critical>
            <IsSubproject>0</IsSubproject>
            <IsSubprojectReadOnly>0</IsSubprojectReadOnly>
            <ExternalTask>0</ExternalTask>
            <FixedCostAccrual>3</FixedCostAccrual>
            <PercentComplete>0</PercentComplete>
            <RemainingDuration>PT240H0M0S</RemainingDuration>
            <ConstraintType>0</ConstraintType>
            <CalendarUID>-1</CalendarUID>
            <LevelAssignments>0</LevelAssignments>
            <LevelingCanSplit>0</LevelingCanSplit>
            <IgnoreResourceCalendar>0</IgnoreResourceCalendar>
            <HideBar>0</HideBar>
            <Rollup>0</Rollup>
            <EarnedValueMethod>0</EarnedValueMethod>
            <PredecessorLink>
                <PredecessorUID>6</PredecessorUID>
                <Type>1</Type>
                <CrossProject>0</CrossProject>
                <LinkLag>0</LinkLag>
                <LagFormat>7</LagFormat>
            </PredecessorLink>
            <ExtendedAttribute>
                <FieldID>188744004</FieldID>
                <Value>{"assignmentsUnitsSum":100.0}</Value>
            </ExtendedAttribute>
            <ExtendedAttribute>
                <FieldID>188744005</FieldID>
                <Value>{"guid":"09d5b831-75e9-48d9-9a1b-b224ffd0454f"}</Value>
            </ExtendedAttribute>
            <ExtendedAttribute>
                <FieldID>188744006</FieldID>
                <Value>{}</Value>
            </ExtendedAttribute>
            <Active>1</Active>
            <Manual>0</Manual>
        </Task>
        <Task>
            <UID>8</UID>
            <GUID>3f41d0b8-872c-4511-b8e0-2eb6b1b1a889</GUID>
            <ID>8</ID>
            <Name>Тестирование</Name>
            <Type>0</Type>
            <IsNull>0</IsNull>
            <WBS>8</WBS>
            <OutlineNumber>1.2.3</OutlineNumber>
            <OutlineLevel>3</OutlineLevel>
            <Priority>500</Priority>
            <Start>2024-04-24T09:00:00</Start>
            <Finish>2024-05-20T18:00:00</Finish>
            <Duration>PT120H0M0S</Duration>
            <DurationFormat>7</DurationFormat>
            <Work>PT120H0M0S</Work>
            <ResumeValid>0</ResumeValid>
            <EffortDriven>0</EffortDriven>
            <Recurring>0</Recurring>
            <OverAllocated>0</OverAllocated>
            <Estimated>0</Estimated>
            <Milestone>0</Milestone>
            <Summary>0</Summary>
            <Critical>0</Critical>
            <IsSubproject>0</IsSubproject>
            <IsSubprojectReadOnly>0</IsSubprojectReadOnly>
            <ExternalTask>0</ExternalTask>
            <FixedCostAccrual>3</FixedCostAccrual>
            <PercentComplete>0</PercentComplete>
            <RemainingDuration>PT120H0M0S</RemainingDuration>
            <ConstraintType>0</ConstraintType>
            <CalendarUID>-1</CalendarUID>
            <LevelAssignments>0</LevelAssignments>
            <LevelingCanSplit>0</LevelingCanSplit>
            <IgnoreResourceCalendar>0</IgnoreResourceCalendar>
            <HideBar>0</HideBar>
            <Rollup>0</Rollup>
            <EarnedValueMethod>0</EarnedValueMethod>
            <PredecessorLink>
                <PredecessorUID>7</PredecessorUID>
                <Type>1</Type>
                <CrossProject>0</CrossProject>
                <LinkLag>0</LinkLag>
                <LagFormat>7</LagFormat>
            </PredecessorLink>
            <ExtendedAttribute>
                <FieldID>188744004</FieldID>
                <Value>{"assignmentsUnitsSum":100.0}</Value>
            </ExtendedAttribute>
            <ExtendedAttribute>
                <FieldID>188744005</FieldID>
                <Value>{"guid":"3f41d0b8-872c-4511-b8e0-2eb6b1b1a889"}</Value>
            </ExtendedAttribute>
            <ExtendedAttribute>
                <FieldID>188744006</FieldID>
                <Value>{}</Value>
            </ExtendedAttribute>
            <Active>1</Active>
            <Manual>0</Manual>
        </Task>
        <Task>
            <UID>9</UID>
            <GUID>25f891a3-b244-487d-9880-3ccea45a96ff</GUID>
            <ID>9</ID>
            <Name>Проект 1</Name>
            <Type>0</Type>
            <IsNull>0</IsNull>
            <WBS>9</WBS>
            <OutlineNumber>1.3</OutlineNumber>
            <OutlineLevel>2</OutlineLevel>
            <Priority>500</Priority>
            <Start>2024-03-13T09:00:00</Start>
            <Finish>2024-04-09T18:00:00</Finish>
            <Duration>PT160H0M0S</Duration>
            <DurationFormat>7</DurationFormat>
            <Work>PT160H0M0S</Work>
            <ResumeValid>0</ResumeValid>
            <EffortDriven>0</EffortDriven>
            <Recurring>0</Recurring>
            <OverAllocated>0</OverAllocated>
            <Estimated>0</Estimated>
            <Milestone>0</Milestone>
            <Summary>1</Summary>
            <Critical>0</Critical>
            <IsSubproject>0</IsSubproject>
            <IsSubprojectReadOnly>0</IsSubprojectReadOnly>
            <ExternalTask>0</ExternalTask>
            <FixedCostAccrual>3</FixedCostAccrual>
            <PercentComplete>0</PercentComplete>
            <RemainingDuration>PT160H0M0S</RemainingDuration>
            <ConstraintType>0</ConstraintType>
            <CalendarUID>-1</CalendarUID>
            <LevelAssignments>0</LevelAssignments>
            <LevelingCanSplit>0</LevelingCanSplit>
            <IgnoreResourceCalendar>0</IgnoreResourceCalendar>
            <HideBar>0</HideBar>
            <Rollup>0</Rollup>
            <EarnedValueMethod>0</EarnedValueMethod>
            <ExtendedAttribute>
                <FieldID>188744004</FieldID>
                <Value>{"assignmentsUnitsSum":0.0}</Value>
            </ExtendedAttribute>
            <ExtendedAttribute>
                <FieldID>188744005</FieldID>
                <Value>{"guid":"25f891a3-b244-487d-9880-3ccea45a96ff"}</Value>
            </ExtendedAttribute>
            <ExtendedAttribute>
                <FieldID>188744006</FieldID>
                <Value>{}</Value>
            </ExtendedAttribute>
            <Active>1</Active>
            <Manual>0</Manual>
        </Task>
        <Task>
            <UID>10</UID>
            <GUID>e23a6336-e1e0-4552-9545-173e3ca57cd7</GUID>
            <ID>10</ID>
            <Name>Аналитика</Name>
            <Type>0</Type>
            <IsNull>0</IsNull>
            <WBS>10</WBS>
            <OutlineNumber>1.3.1</OutlineNumber>
            <OutlineLevel>3</OutlineLevel>
            <Priority>500</Priority>
            <Start>2024-03-13T09:00:00</Start>
            <Finish>2024-03-19T18:00:00</Finish>
            <Duration>PT40H0M0S</Duration>
            <DurationFormat>7</DurationFormat>
            <Work>PT40H0M0S</Work>
            <ResumeValid>0</ResumeValid>
            <EffortDriven>0</EffortDriven>
            <Recurring>0</Recurring>
            <OverAllocated>0</OverAllocated>
            <Estimated>0</Estimated>
            <Milestone>0</Milestone>
            <Summary>0</Summary>
            <Critical>0</Critical>
            <IsSubproject>0</IsSubproject>
            <IsSubprojectReadOnly>0</IsSubprojectReadOnly>
            <ExternalTask>0</ExternalTask>
            <FixedCostAccrual>3</FixedCostAccrual>
            <PercentComplete>0</PercentComplete>
            <RemainingDuration>PT40H0M0S</RemainingDuration>
            <ConstraintType>4</ConstraintType>
            <CalendarUID>-1</CalendarUID>
            <ConstraintDate>2024-03-13T09:00:00</ConstraintDate>
            <LevelAssignments>0</LevelAssignments>
            <LevelingCanSplit>0</LevelingCanSplit>
            <IgnoreResourceCalendar>0</IgnoreResourceCalendar>
            <HideBar>0</HideBar>
            <Rollup>0</Rollup>
            <EarnedValueMethod>0</EarnedValueMethod>
            <ExtendedAttribute>
                <FieldID>188744004</FieldID>
                <Value>{"assignmentsUnitsSum":100.0}</Value>
            </ExtendedAttribute>
            <ExtendedAttribute>
                <FieldID>188744005</FieldID>
                <Value>{"guid":"e23a6336-e1e0-4552-9545-173e3ca57cd7"}</Value>
            </ExtendedAttribute>
            <ExtendedAttribute>
                <FieldID>188744006</FieldID>
                <Value>{}</Value>
            </ExtendedAttribute>
            <Active>1</Active>
            <Manual>0</Manual>
        </Task>
        <Task>
            <UID>11</UID>
            <GUID>df8f4fcd-31dc-4efb-90b3-0be6daedce95</GUID>
            <ID>11</ID>
            <Name>Разработка</Name>
            <Type>0</Type>
            <IsNull>0</IsNull>
            <WBS>11</WBS>
            <OutlineNumber>1.3.2</OutlineNumber>
            <OutlineLevel>3</OutlineLevel>
            <Priority>500</Priority>
            <Start>2024-03-20T09:00:00</Start>
            <Finish>2024-04-02T18:00:00</Finish>
            <Duration>PT80H0M0S</Duration>
            <DurationFormat>7</DurationFormat>
            <Work>PT80H0M0S</Work>
            <ResumeValid>0</ResumeValid>
            <EffortDriven>0</EffortDriven>
            <Recurring>0</Recurring>
            <OverAllocated>0</OverAllocated>
            <Estimated>0</Estimated>
            <Milestone>0</Milestone>
            <Summary>0</Summary>
            <Critical>0</Critical>
            <IsSubproject>0</IsSubproject>
            <IsSubprojectReadOnly>0</IsSubprojectReadOnly>
            <ExternalTask>0</ExternalTask>
            <FixedCostAccrual>3</FixedCostAccrual>
            <PercentComplete>0</PercentComplete>
            <RemainingDuration>PT80H0M0S</RemainingDuration>
            <ConstraintType>0</ConstraintType>
            <CalendarUID>-1</CalendarUID>
            <LevelAssignments>0</LevelAssignments>
            <LevelingCanSplit>0</LevelingCanSplit>
            <IgnoreResourceCalendar>0</IgnoreResourceCalendar>
            <HideBar>0</HideBar>
            <Rollup>0</Rollup>
            <EarnedValueMethod>0</EarnedValueMethod>
            <PredecessorLink>
                <PredecessorUID>10</PredecessorUID>
                <Type>1</Type>
                <CrossProject>0</CrossProject>
                <LinkLag>0</LinkLag>
                <LagFormat>7</LagFormat>
            </PredecessorLink>
            <ExtendedAttribute>
                <FieldID>188744004</FieldID>
                <Value>{"assignmentsUnitsSum":100.0}</Value>
            </ExtendedAttribute>
            <ExtendedAttribute>
                <FieldID>188744005</FieldID>
                <Value>{"guid":"df8f4fcd-31dc-4efb-90b3-0be6daedce95"}</Value>
            </ExtendedAttribute>
            <ExtendedAttribute>
                <FieldID>188744006</FieldID>
                <Value>{}</Value>
            </ExtendedAttribute>
            <Active>1</Active>
            <Manual>0</Manual>
        </Task>
        <Task>
            <UID>12</UID>
            <GUID>05bc9b77-167b-45b4-9ab4-a275c5deed2b</GUID>
            <ID>12</ID>
            <Name>Тестирование</Name>
            <Type>0</Type>
            <IsNull>0</IsNull>
            <WBS>12</WBS>
            <OutlineNumber>1.3.3</OutlineNumber>
            <OutlineLevel>3</OutlineLevel>
            <Priority>500</Priority>
            <Start>2024-04-03T09:00:00</Start>
            <Finish>2024-04-09T18:00:00</Finish>
            <Duration>PT40H0M0S</Duration>
            <DurationFormat>7</DurationFormat>
            <Work>PT40H0M0S</Work>
            <ResumeValid>0</ResumeValid>
            <EffortDriven>0</EffortDriven>
            <Recurring>0</Recurring>
            <OverAllocated>0</OverAllocated>
            <Estimated>0</Estimated>
            <Milestone>0</Milestone>
            <Summary>0</Summary>
            <Critical>0</Critical>
            <IsSubproject>0</IsSubproject>
            <IsSubprojectReadOnly>0</IsSubprojectReadOnly>
            <ExternalTask>0</ExternalTask>
            <FixedCostAccrual>3</FixedCostAccrual>
            <PercentComplete>0</PercentComplete>
            <RemainingDuration>PT40H0M0S</RemainingDuration>
            <ConstraintType>0</ConstraintType>
            <CalendarUID>-1</CalendarUID>
            <LevelAssignments>0</LevelAssignments>
            <LevelingCanSplit>0</LevelingCanSplit>
            <IgnoreResourceCalendar>0</IgnoreResourceCalendar>
            <HideBar>0</HideBar>
            <Rollup>0</Rollup>
            <EarnedValueMethod>0</EarnedValueMethod>
            <PredecessorLink>
                <PredecessorUID>11</PredecessorUID>
                <Type>1</Type>
                <CrossProject>0</CrossProject>
                <LinkLag>0</LinkLag>
                <LagFormat>7</LagFormat>
            </PredecessorLink>
            <ExtendedAttribute>
                <FieldID>188744004</FieldID>
                <Value>{"assignmentsUnitsSum":100.0}</Value>
            </ExtendedAttribute>
            <ExtendedAttribute>
                <FieldID>188744005</FieldID>
                <Value>{"guid":"05bc9b77-167b-45b4-9ab4-a275c5deed2b"}</Value>
            </ExtendedAttribute>
            <ExtendedAttribute>
                <FieldID>188744006</FieldID>
                <Value>{}</Value>
            </ExtendedAttribute>
            <Active>1</Active>
            <Manual>0</Manual>
        </Task>
    </Tasks>
    <Resources>
        <Resource>
            <UID>1</UID>
            <ID>1</ID>
            <Name>Руководитель проектного офиса</Name>
            <Type>1</Type>
            <IsNull>0</IsNull>
            <EmailAddress>user7@undefinedSbtMail.ru</EmailAddress>
            <MaxUnits>1</MaxUnits>
            <PeakUnits>1</PeakUnits>
            <OverAllocated>0</OverAllocated>
            <CanLevel>0</CanLevel>
            <StandardRateFormat>2</StandardRateFormat>
            <OvertimeRateFormat>2</OvertimeRateFormat>
            <IsGeneric>0</IsGeneric>
            <IsInactive>0</IsInactive>
            <IsEnterprise>0</IsEnterprise>
            <ExtendedAttribute>
                <FieldID>205521069</FieldID>
                <Value>2024-02-05T00:00:00</Value>
            </ExtendedAttribute>
            <ExtendedAttribute>
                <FieldID>205521070</FieldID>
                <Value>2025-03-24T00:00:00</Value>
            </ExtendedAttribute>
            <ExtendedAttribute>
                <FieldID>205521130</FieldID>
                <Value>7345132079680126978</Value>
            </ExtendedAttribute>
            <IsBudget>0</IsBudget>
            <AvailabilityPeriods/>
        </Resource>
        <Resource>
            <UID>2</UID>
            <ID>2</ID>
            <Name>Разработчик №2 (4000руб/час)</Name>
            <Type>1</Type>
            <IsNull>0</IsNull>
            <MaxUnits>0</MaxUnits>
            <PeakUnits>1</PeakUnits>
            <OverAllocated>0</OverAllocated>
            <Start>2024-03-20T09:00:00</Start>
            <Finish>2024-04-02T18:00:00</Finish>
            <CanLevel>0</CanLevel>
            <StandardRateFormat>2</StandardRateFormat>
            <OvertimeRateFormat>2</OvertimeRateFormat>
            <IsGeneric>0</IsGeneric>
            <IsInactive>0</IsInactive>
            <IsEnterprise>0</IsEnterprise>
            <ExtendedAttribute>
                <FieldID>205521130</FieldID>
                <Value>7345158532383703054</Value>
            </ExtendedAttribute>
            <ExtendedAttribute>
                <FieldID>205521131</FieldID>
                <Value>Разработчик</Value>
            </ExtendedAttribute>
            <IsBudget>0</IsBudget>
            <AvailabilityPeriods/>
        </Resource>
        <Resource>
            <UID>3</UID>
            <ID>3</ID>
            <Name>Аналитик №1 (2000руб/час)</Name>
            <Type>1</Type>
            <IsNull>0</IsNull>
            <MaxUnits>0</MaxUnits>
            <PeakUnits>1</PeakUnits>
            <OverAllocated>0</OverAllocated>
            <Start>2024-02-05T09:00:00</Start>
            <Finish>2024-03-19T18:00:00</Finish>
            <CanLevel>0</CanLevel>
            <StandardRateFormat>2</StandardRateFormat>
            <OvertimeRateFormat>2</OvertimeRateFormat>
            <IsGeneric>0</IsGeneric>
            <IsInactive>0</IsInactive>
            <IsEnterprise>0</IsEnterprise>
            <ExtendedAttribute>
                <FieldID>205521130</FieldID>
                <Value>7345158532383703052</Value>
            </ExtendedAttribute>
            <ExtendedAttribute>
                <FieldID>205521131</FieldID>
                <Value>Аналитик</Value>
            </ExtendedAttribute>
            <IsBudget>0</IsBudget>
            <AvailabilityPeriods/>
        </Resource>
        <Resource>
            <UID>4</UID>
            <ID>4</ID>
            <Name>Разработчик №3 (3000руб/час)</Name>
            <Type>1</Type>
            <IsNull>0</IsNull>
            <MaxUnits>0</MaxUnits>
            <PeakUnits>1</PeakUnits>
            <OverAllocated>0</OverAllocated>
            <Start>2024-02-19T09:00:00</Start>
            <Finish>2024-03-19T18:00:00</Finish>
            <CanLevel>0</CanLevel>
            <StandardRateFormat>2</StandardRateFormat>
            <OvertimeRateFormat>2</OvertimeRateFormat>
            <IsGeneric>0</IsGeneric>
            <IsInactive>0</IsInactive>
            <IsEnterprise>0</IsEnterprise>
            <ExtendedAttribute>
                <FieldID>205521130</FieldID>
                <Value>7345158532383703050</Value>
            </ExtendedAttribute>
            <ExtendedAttribute>
                <FieldID>205521131</FieldID>
                <Value>Разработчик</Value>
            </ExtendedAttribute>
            <IsBudget>0</IsBudget>
            <AvailabilityPeriods/>
        </Resource>
        <Resource>
            <UID>5</UID>
            <ID>5</ID>
            <Name>Разработчик №1 (2000руб/час)</Name>
            <Type>1</Type>
            <IsNull>0</IsNull>
            <MaxUnits>0</MaxUnits>
            <PeakUnits>1</PeakUnits>
            <OverAllocated>0</OverAllocated>
            <Start>2024-03-13T09:00:00</Start>
            <Finish>2024-04-23T18:00:00</Finish>
            <CanLevel>0</CanLevel>
            <StandardRateFormat>2</StandardRateFormat>
            <OvertimeRateFormat>2</OvertimeRateFormat>
            <IsGeneric>0</IsGeneric>
            <IsInactive>0</IsInactive>
            <IsEnterprise>0</IsEnterprise>
            <ExtendedAttribute>
                <FieldID>205521130</FieldID>
                <Value>7345158532383703048</Value>
            </ExtendedAttribute>
            <ExtendedAttribute>
                <FieldID>205521131</FieldID>
                <Value>Разработчик</Value>
            </ExtendedAttribute>
            <IsBudget>0</IsBudget>
            <AvailabilityPeriods/>
        </Resource>
        <Resource>
            <UID>6</UID>
            <ID>6</ID>
            <Name>Тестировщик №2 (1500руб/час)</Name>
            <Type>1</Type>
            <IsNull>0</IsNull>
            <MaxUnits>0</MaxUnits>
            <PeakUnits>1</PeakUnits>
            <OverAllocated>0</OverAllocated>
            <CanLevel>0</CanLevel>
            <StandardRateFormat>2</StandardRateFormat>
            <OvertimeRateFormat>2</OvertimeRateFormat>
            <IsGeneric>0</IsGeneric>
            <IsInactive>0</IsInactive>
            <IsEnterprise>0</IsEnterprise>
            <ExtendedAttribute>
                <FieldID>205521130</FieldID>
                <Value>7345158532383703046</Value>
            </ExtendedAttribute>
            <ExtendedAttribute>
                <FieldID>205521131</FieldID>
                <Value>Тестировщик</Value>
            </ExtendedAttribute>
            <IsBudget>0</IsBudget>
            <AvailabilityPeriods/>
        </Resource>
        <Resource>
            <UID>7</UID>
            <ID>7</ID>
            <Name>Тестировщик №1 (1000руб/час)</Name>
            <Type>1</Type>
            <IsNull>0</IsNull>
            <MaxUnits>0</MaxUnits>
            <PeakUnits>1</PeakUnits>
            <OverAllocated>0</OverAllocated>
            <Start>2024-03-20T09:00:00</Start>
            <Finish>2024-05-20T18:00:00</Finish>
            <CanLevel>0</CanLevel>
            <StandardRateFormat>2</StandardRateFormat>
            <OvertimeRateFormat>2</OvertimeRateFormat>
            <IsGeneric>0</IsGeneric>
            <IsInactive>0</IsInactive>
            <IsEnterprise>0</IsEnterprise>
            <ExtendedAttribute>
                <FieldID>205521130</FieldID>
                <Value>7345158532383703042</Value>
            </ExtendedAttribute>
            <ExtendedAttribute>
                <FieldID>205521131</FieldID>
                <Value>Тестировщик</Value>
            </ExtendedAttribute>
            <IsBudget>0</IsBudget>
            <AvailabilityPeriods/>
        </Resource>
    </Resources>
    <Assignments>
        <Assignment>
            <UID>1</UID>
            <GUID>8f036e15-75a2-4483-af86-658979f5bf74</GUID>
            <TaskUID>10</TaskUID>
            <ResourceUID>3</ResourceUID>
            <PercentWorkComplete>0</PercentWorkComplete>
            <Finish>2024-03-19T18:00:00</Finish>
            <HasFixedRateUnits>1</HasFixedRateUnits>
            <FixedMaterial>0</FixedMaterial>
            <LevelingDelayFormat>7</LevelingDelayFormat>
            <RemainingWork>PT40H0M0S</RemainingWork>
            <Start>2024-03-13T09:00:00</Start>
            <Units>1</Units>
            <Work>PT40H0M0S</Work>
            <ExtendedAttribute>
                <FieldID>255852770</FieldID>
                <Value>{}</Value>
            </ExtendedAttribute>
        </Assignment>
        <Assignment>
            <UID>2</UID>
            <GUID>4847a0c9-ecee-4e17-98aa-be61e013c3ed</GUID>
            <TaskUID>2</TaskUID>
            <ResourceUID>3</ResourceUID>
            <PercentWorkComplete>0</PercentWorkComplete>
            <Finish>2024-02-16T18:00:00</Finish>
            <HasFixedRateUnits>1</HasFixedRateUnits>
            <FixedMaterial>0</FixedMaterial>
            <LevelingDelayFormat>7</LevelingDelayFormat>
            <RemainingWork>PT80H0M0S</RemainingWork>
            <Start>2024-02-05T09:00:00</Start>
            <Units>1</Units>
            <Work>PT80H0M0S</Work>
            <ExtendedAttribute>
                <FieldID>255852770</FieldID>
                <Value>{}</Value>
            </ExtendedAttribute>
        </Assignment>
        <Assignment>
            <UID>3</UID>
            <GUID>1651e9c0-2359-4c79-a46a-e91c466576ee</GUID>
            <TaskUID>6</TaskUID>
            <ResourceUID>3</ResourceUID>
            <PercentWorkComplete>0</PercentWorkComplete>
            <Finish>2024-03-12T18:00:00</Finish>
            <HasFixedRateUnits>1</HasFixedRateUnits>
            <FixedMaterial>0</FixedMaterial>
            <LevelingDelayFormat>7</LevelingDelayFormat>
            <RemainingWork>PT120H0M0S</RemainingWork>
            <Start>2024-02-19T09:00:00</Start>
            <Units>1</Units>
            <Work>PT120H0M0S</Work>
            <ExtendedAttribute>
                <FieldID>255852770</FieldID>
                <Value>{}</Value>
            </ExtendedAttribute>
        </Assignment>
        <Assignment>
            <UID>4</UID>
            <GUID>bb160a15-72cc-4801-80e7-efcd6a14aad9</GUID>
            <TaskUID>8</TaskUID>
            <ResourceUID>7</ResourceUID>
            <PercentWorkComplete>0</PercentWorkComplete>
            <Finish>2024-05-20T18:00:00</Finish>
            <HasFixedRateUnits>1</HasFixedRateUnits>
            <FixedMaterial>0</FixedMaterial>
            <LevelingDelayFormat>7</LevelingDelayFormat>
            <RemainingWork>PT120H0M0S</RemainingWork>
            <Start>2024-04-24T09:00:00</Start>
            <Units>1</Units>
            <Work>PT120H0M0S</Work>
            <ExtendedAttribute>
                <FieldID>255852770</FieldID>
                <Value>{}</Value>
            </ExtendedAttribute>
        </Assignment>
        <Assignment>
            <UID>5</UID>
            <GUID>b4a19aa9-668d-4463-882d-77d9e8ec7cee</GUID>
            <TaskUID>12</TaskUID>
            <ResourceUID>7</ResourceUID>
            <PercentWorkComplete>0</PercentWorkComplete>
            <Finish>2024-04-09T18:00:00</Finish>
            <HasFixedRateUnits>1</HasFixedRateUnits>
            <FixedMaterial>0</FixedMaterial>
            <LevelingDelayFormat>7</LevelingDelayFormat>
            <RemainingWork>PT40H0M0S</RemainingWork>
            <Start>2024-04-03T09:00:00</Start>
            <Units>1</Units>
            <Work>PT40H0M0S</Work>
            <ExtendedAttribute>
                <FieldID>255852770</FieldID>
                <Value>{}</Value>
            </ExtendedAttribute>
        </Assignment>
        <Assignment>
            <UID>6</UID>
            <GUID>96e1d03f-ed51-4455-8f22-038d1401253f</GUID>
            <TaskUID>4</TaskUID>
            <ResourceUID>7</ResourceUID>
            <PercentWorkComplete>0</PercentWorkComplete>
            <Finish>2024-04-02T18:00:00</Finish>
            <HasFixedRateUnits>1</HasFixedRateUnits>
            <FixedMaterial>0</FixedMaterial>
            <LevelingDelayFormat>7</LevelingDelayFormat>
            <RemainingWork>PT80H0M0S</RemainingWork>
            <Start>2024-03-20T09:00:00</Start>
            <Units>1</Units>
            <Work>PT80H0M0S</Work>
            <ExtendedAttribute>
                <FieldID>255852770</FieldID>
                <Value>{}</Value>
            </ExtendedAttribute>
        </Assignment>
        <Assignment>
            <UID>7</UID>
            <GUID>59dbdef9-62ce-40e3-9931-03df336af706</GUID>
            <TaskUID>11</TaskUID>
            <ResourceUID>2</ResourceUID>
            <PercentWorkComplete>0</PercentWorkComplete>
            <Finish>2024-04-02T18:00:00</Finish>
            <HasFixedRateUnits>1</HasFixedRateUnits>
            <FixedMaterial>0</FixedMaterial>
            <LevelingDelayFormat>7</LevelingDelayFormat>
            <RemainingWork>PT80H0M0S</RemainingWork>
            <Start>2024-03-20T09:00:00</Start>
            <Units>1</Units>
            <Work>PT80H0M0S</Work>
            <ExtendedAttribute>
                <FieldID>255852770</FieldID>
                <Value>{}</Value>
            </ExtendedAttribute>
        </Assignment>
        <Assignment>
            <UID>8</UID>
            <GUID>60100197-c392-48ba-8b5d-09021e4b9b86</GUID>
            <TaskUID>7</TaskUID>
            <ResourceUID>5</ResourceUID>
            <PercentWorkComplete>0</PercentWorkComplete>
            <Finish>2024-04-23T18:00:00</Finish>
            <HasFixedRateUnits>1</HasFixedRateUnits>
            <FixedMaterial>0</FixedMaterial>
            <LevelingDelayFormat>7</LevelingDelayFormat>
            <RemainingWork>PT240H0M0S</RemainingWork>
            <Start>2024-03-13T09:00:00</Start>
            <Units>1</Units>
            <Work>PT240H0M0S</Work>
            <ExtendedAttribute>
                <FieldID>255852770</FieldID>
                <Value>{}</Value>
            </ExtendedAttribute>
        </Assignment>
        <Assignment>
            <UID>9</UID>
            <GUID>843ab794-fdc0-43e5-9cc5-0cace5c7399a</GUID>
            <TaskUID>3</TaskUID>
            <ResourceUID>4</ResourceUID>
            <PercentWorkComplete>0</PercentWorkComplete>
            <Finish>2024-03-19T18:00:00</Finish>
            <HasFixedRateUnits>1</HasFixedRateUnits>
            <FixedMaterial>0</FixedMaterial>
            <LevelingDelayFormat>7</LevelingDelayFormat>
            <RemainingWork>PT160H0M0S</RemainingWork>
            <Start>2024-02-19T09:00:00</Start>
            <Units>1</Units>
            <Work>PT160H0M0S</Work>
            <ExtendedAttribute>
                <FieldID>255852770</FieldID>
                <Value>{}</Value>
            </ExtendedAttribute>
        </Assignment>
    </Assignments>
</Project>
